order_id,customer_id,order_date,status,payment_method,shipping_address,shipping_city,shipping_state,shipping_zip,shipping_country,processing_date,shipping_date,delivery_date,total_amount
7,5,2025-03-13 16:59:32,Shipped,Apple Pay,4215 Carl Gateway,Chandlermouth,GA,53130,US,2025-03-13 16:59:32,2025-03-19 16:59:32,2025-03-26 16:59:32,488.23
8,5,2025-02-18 16:59:32,Delivered,Apple Pay,4215 Carl Gateway,Chandlermouth,GA,53130,US,2025-02-19 16:59:32,2025-02-26 16:59:32,2025-03-07 16:59:32,335.37
9,5,2025-02-12 16:59:32,Delivered,Apple Pay,4215 Carl Gateway,Chandlermouth,GA,53130,US,2025-02-13 16:59:32,2025-02-14 16:59:32,2025-02-17 16:59:32,308.72
10,6,2025-02-12 16:59:32,Delivered,Gift Card,384 Faith Road Apt. 065,Allenmouth,PR,11571,US,2025-02-13 16:59:32,2025-02-14 16:59:32,2025-02-16 16:59:32,446.41
16,9,2025-03-12 16:59:32,Processing,Credit Card,480 Haynes Mill Apt. 181,Paulmouth,PR,38447,US,2025-03-14 16:59:32,2025-03-21 16:59:32,2025-03-30 16:59:32,63.73
18,12,2024-08-02 16:59:32,Delivered,PayPal,8243 Jesse Spur,North Kristin,IL,81343,US,2024-08-02 16:59:32,2024-08-06 16:59:32,2024-08-13 16:59:32,1102.28
19,12,2025-01-08 16:59:32,Delivered,Gift Card,8243 Jesse Spur,North Kristin,IL,81343,US,2025-01-08 16:59:32,2025-01-14 16:59:32,2025-01-23 16:59:32,788.16
22,15,2025-03-13 16:59:32,Processing,PayPal,14249 Robles Extensions Apt. 796,Kevinchester,AL,31231,US,2025-03-14 16:59:32,2025-03-18 16:59:32,2025-03-23 16:59:32,772.66
32,24,2024-07-18 16:59:32,Delivered,Credit Card,4939 Kevin Fort Suite 904,Melissashire,VI,24516,US,2024-07-19 16:59:32,2024-07-26 16:59:32,2024-08-05 16:59:32,339.79
33,24,2024-08-23 16:59:32,Delivered,Apple Pay,4939 Kevin Fort Suite 904,Melissashire,VI,24516,US,2024-08-24 16:59:32,2024-08-26 16:59:32,2024-08-29 16:59:32,1252.15
39,26,2023-11-05 16:59:32,Delivered,Apple Pay,042 Paula Viaduct Suite 564,North Brittneyburgh,MN,49294,US,2023-11-07 16:59:32,2023-11-14 16:59:32,2023-11-24 16:59:32,624.68
44,30,2025-03-12 16:59:32,Processing,Google Pay,472 Stephen Knoll,Campbellmouth,NC,29766,US,2025-03-14 16:59:32,2025-03-21 16:59:32,2025-03-31 16:59:32,186.75
49,35,2022-01-25 16:59:32,Delivered,PayPal,51589 Margaret Cove,Port Michelle,FM,02070,US,2022-01-26 16:59:32,2022-02-02 16:59:32,2022-02-12 16:59:32,1065.46
51,37,2024-11-08 16:59:32,Delivered,PayPal,1939 Smith Corner,West Shawnland,VI,66215,US,2024-11-08 16:59:32,2024-11-13 16:59:32,2024-11-20 16:59:32,432.99
62,39,2025-03-06 16:59:32,Delivered,Credit Card,5645 Martinez Track,South Mark,NJ,79097,US,2025-03-06 16:59:32,2025-03-09 16:59:32,2025-03-13 16:59:32,445.33
63,39,2024-02-12 16:59:32,Delivered,Credit Card,5645 Martinez Track,South Mark,NJ,79097,US,2024-02-13 16:59:32,2024-02-18 16:59:32,2024-02-26 16:59:32,452.93
75,45,2024-11-14 16:59:32,Delivered,Apple Pay,173 Ford Crossroad Apt. 162,Angelshire,OH,80763,US,2024-11-16 16:59:32,2024-11-17 16:59:32,2024-11-19 16:59:32,63.97
76,46,2024-11-07 16:59:32,Delivered,Google Pay,342 Dominguez Courts,Sandersshire,FL,47964,US,2024-11-08 16:59:32,2024-11-10 16:59:32,2024-11-15 16:59:32,139.98
84,53,2023-07-29 16:59:32,Delivered,PayPal,233 Laura Plains Apt. 563,Lake Stacieberg,OK,22275,US,2023-07-30 16:59:32,2023-08-03 16:59:32,2023-08-10 16:59:32,742.61
102,68,2023-08-02 16:59:32,Delivered,Google Pay,08236 Le Viaduct Apt. 690,Lake Isaiah,AR,74456,US,2023-08-02 16:59:32,2023-08-09 16:59:32,2023-08-18 16:59:32,300.36
110,72,2025-03-08 16:59:32,Shipped,Google Pay,98897 Amy Drives,Boydberg,NY,19719,US,2025-03-09 16:59:32,2025-03-16 16:59:32,2025-03-26 16:59:32,9.47
111,72,2025-03-03 16:59:32,Delivered,Google Pay,98897 Amy Drives,Boydberg,NY,19719,US,2025-03-04 16:59:32,2025-03-07 16:59:32,2025-03-13 16:59:32,173.95
113,75,2023-09-08 16:59:32,Delivered,Credit Card,78502 Nathan Drive,Elizabethshire,NJ,21927,US,2023-09-10 16:59:32,2023-09-16 16:59:32,2023-09-24 16:59:32,1234.62
114,75,2024-04-17 16:59:32,Delivered,Google Pay,78502 Nathan Drive,Elizabethshire,NJ,21927,US,2024-04-17 16:59:32,2024-04-23 16:59:32,2024-05-01 16:59:32,310.76
115,75,2025-02-10 16:59:32,Delivered,Credit Card,78502 Nathan Drive,Elizabethshire,NJ,21927,US,2025-02-12 16:59:32,2025-02-19 16:59:32,2025-03-01 16:59:32,148.49
116,75,2024-12-30 16:59:32,Delivered,Credit Card,78502 Nathan Drive,Elizabethshire,NJ,21927,US,2024-12-31 16:59:32,2025-01-02 16:59:32,2025-01-07 16:59:32,385.12
117,75,2025-02-06 16:59:32,Delivered,Apple Pay,78502 Nathan Drive,Elizabethshire,NJ,21927,US,2025-02-06 16:59:32,2025-02-09 16:59:32,2025-02-13 16:59:32,113.46
118,75,2023-12-17 16:59:32,Delivered,Apple Pay,78502 Nathan Drive,Elizabethshire,NJ,21927,US,2023-12-18 16:59:32,2023-12-22 16:59:32,2023-12-28 16:59:32,724.31
119,75,2025-02-10 16:59:32,Delivered,Google Pay,78502 Nathan Drive,Elizabethshire,NJ,21927,US,2025-02-10 16:59:32,2025-02-15 16:59:32,2025-02-23 16:59:32,341.93
120,75,2023-07-14 16:59:32,Delivered,Google Pay,78502 Nathan Drive,Elizabethshire,NJ,21927,US,2023-07-14 16:59:32,2023-07-20 16:59:32,2023-07-28 16:59:32,268.02
121,75,2025-03-10 16:59:32,Shipped,Google Pay,78502 Nathan Drive,Elizabethshire,NJ,21927,US,2025-03-12 16:59:32,2025-03-17 16:59:32,2025-03-24 16:59:32,534.7
122,75,2024-11-08 16:59:32,Delivered,PayPal,78502 Nathan Drive,Elizabethshire,NJ,21927,US,2024-11-08 16:59:32,2024-11-15 16:59:32,2024-11-24 16:59:32,1026.22
125,78,2025-03-13 16:59:32,Shipped,Gift Card,2791 Rachel Course,Lake Aprilland,ND,33306,US,2025-03-13 16:59:32,2025-03-16 16:59:32,2025-03-20 16:59:32,2594.55
128,81,2022-04-07 16:59:32,Delivered,PayPal,4584 Blake Cliff Apt. 401,Lake Shari,UT,28423,US,2022-04-09 16:59:32,2022-04-12 16:59:32,2022-04-17 16:59:32,255.96
130,83,2024-11-18 16:59:32,Delivered,Credit Card,4330 Mary Spring,Port Nicole,SD,94279,US,2024-11-20 16:59:32,2024-11-21 16:59:32,2024-11-25 16:59:32,330.88
131,83,2024-08-28 16:59:32,Delivered,Apple Pay,4330 Mary Spring,Port Nicole,SD,94279,US,2024-08-28 16:59:32,2024-08-29 16:59:32,2024-09-01 16:59:32,254.47
132,83,2025-02-17 16:59:32,Delivered,PayPal,4330 Mary Spring,Port Nicole,SD,94279,US,2025-02-18 16:59:32,2025-02-21 16:59:32,2025-02-25 16:59:32,2383.15
141,92,2025-03-07 16:59:32,Shipped,Gift Card,92145 Phillips Hill,Eduardoborough,AZ,87639,US,2025-03-09 16:59:32,2025-03-15 16:59:32,2025-03-23 16:59:32,2390.16
145,94,2024-05-24 16:59:32,Delivered,Gift Card,6018 Stephanie Tunnel Apt. 343,Lauriestad,NJ,09500,US,2024-05-25 16:59:32,2024-06-01 16:59:32,2024-06-09 16:59:32,1165.71
158,105,2024-09-08 16:59:32,Delivered,Google Pay,142 Scott Ridge Suite 695,Devonland,WA,99011,US,2024-09-09 16:59:32,2024-09-14 16:59:32,2024-09-21 16:59:32,3682.19
191,118,2025-02-09 16:59:32,Delivered,Gift Card,910 Allison Ferry Suite 276,East Dakota,MI,74685,US,2025-02-11 16:59:32,2025-02-16 16:59:32,2025-02-23 16:59:32,241.47
192,120,2024-12-08 16:59:32,Delivered,PayPal,91090 Dunn Meadows,Corteztown,WA,58482,US,2024-12-08 16:59:32,2024-12-14 16:59:32,2024-12-21 16:59:32,340.78
201,125,2025-02-04 16:59:32,Delivered,Gift Card,35286 Smith Via,New Lee,WA,00543,US,2025-02-04 16:59:32,2025-02-08 16:59:32,2025-02-15 16:59:32,411.82
202,125,2025-03-06 16:59:32,In Transit,Credit Card,35286 Smith Via,New Lee,WA,00543,US,2025-03-07 16:59:32,2025-03-10 16:59:32,2025-03-15 16:59:32,332.63
203,125,2025-02-24 16:59:32,In Transit,Gift Card,35286 Smith Via,New Lee,WA,00543,US,2025-02-25 16:59:32,2025-03-04 16:59:32,2025-03-14 16:59:32,273.06
204,125,2025-02-23 16:59:32,Delivered,Apple Pay,35286 Smith Via,New Lee,WA,00543,US,2025-02-25 16:59:32,2025-02-28 16:59:32,2025-03-05 16:59:32,851.1
205,125,2025-03-07 16:59:32,In Transit,Apple Pay,35286 Smith Via,New Lee,WA,00543,US,2025-03-09 16:59:32,2025-03-12 16:59:32,2025-03-16 16:59:32,841.5
215,134,2024-09-14 16:59:32,Delivered,PayPal,3131 Watson Loop,West Cheyennebury,LA,87517,US,2024-09-15 16:59:32,2024-09-19 16:59:32,2024-09-26 16:59:32,871.36
239,145,2024-11-20 16:59:32,Delivered,Apple Pay,33990 Atkinson Crescent Suite 001,North Jeffreyville,MA,40864,US,2024-11-20 16:59:32,2024-11-27 16:59:32,2024-12-06 16:59:32,1094.43
252,151,2024-08-14 16:59:32,Delivered,PayPal,796 James Highway,Mcdonaldchester,KY,91157,US,2024-08-15 16:59:32,2024-08-22 16:59:32,2024-08-30 16:59:32,308.31
258,154,2024-10-02 16:59:32,Delivered,Credit Card,9984 Holly Fords Apt. 768,Smithhaven,WI,02035,US,2024-10-04 16:59:32,2024-10-11 16:59:32,2024-10-19 16:59:32,603.44
259,154,2024-03-18 16:59:32,Delivered,Gift Card,9984 Holly Fords Apt. 768,Smithhaven,WI,02035,US,2024-03-20 16:59:32,2024-03-22 16:59:32,2024-03-27 16:59:32,364.09
262,156,2025-01-11 16:59:32,Delivered,Apple Pay,984 Mcknight Canyon Suite 930,East Teresa,AZ,60947,US,2025-01-11 16:59:32,2025-01-12 16:59:32,2025-01-16 16:59:32,493.31
290,169,2025-03-13 16:59:32,Shipped,Google Pay,576 Petersen Mount Suite 800,Matthewberg,PW,52352,US,2025-03-13 16:59:32,2025-03-19 16:59:32,2025-03-26 16:59:32,1012.99
304,180,2025-02-08 16:59:32,Delivered,Gift Card,611 Hunt Way,Lake Davidbury,NE,00924,US,2025-02-10 16:59:32,2025-02-14 16:59:32,2025-02-21 16:59:32,50.5
305,180,2025-03-09 16:59:32,In Transit,Gift Card,611 Hunt Way,Lake Davidbury,NE,00924,US,2025-03-09 16:59:32,2025-03-11 16:59:32,2025-03-14 16:59:32,334.11
306,180,2025-02-20 16:59:32,Delivered,PayPal,611 Hunt Way,Lake Davidbury,NE,00924,US,2025-02-20 16:59:32,2025-02-23 16:59:32,2025-02-27 16:59:32,1532.62
307,180,2025-02-12 16:59:32,Delivered,Gift Card,611 Hunt Way,Lake Davidbury,NE,00924,US,2025-02-12 16:59:32,2025-02-15 16:59:32,2025-02-19 16:59:32,1681.48
308,180,2025-03-09 16:59:32,Shipped,Gift Card,611 Hunt Way,Lake Davidbury,NE,00924,US,2025-03-11 16:59:32,2025-03-17 16:59:32,2025-03-26 16:59:32,12.5
322,186,2024-11-22 16:59:32,Delivered,Gift Card,369 Hayes Knoll,Lopezview,ID,26645,US,2024-11-24 16:59:32,2024-11-28 16:59:32,2024-12-05 16:59:32,699.17
323,186,2023-02-28 16:59:32,Delivered,PayPal,369 Hayes Knoll,Lopezview,ID,26645,US,2023-03-01 16:59:32,2023-03-06 16:59:32,2023-03-13 16:59:32,912.27
324,186,2025-03-09 16:59:32,Shipped,Google Pay,369 Hayes Knoll,Lopezview,ID,26645,US,2025-03-11 16:59:32,2025-03-17 16:59:32,2025-03-24 16:59:32,548.51
325,186,2024-12-24 16:59:32,Delivered,Apple Pay,369 Hayes Knoll,Lopezview,ID,26645,US,2024-12-24 16:59:32,2024-12-25 16:59:32,2024-12-27 16:59:32,329.42
326,186,2024-11-29 16:59:32,Delivered,Google Pay,369 Hayes Knoll,Lopezview,ID,26645,US,2024-11-29 16:59:32,2024-12-06 16:59:32,2024-12-14 16:59:32,478.11
327,186,2024-07-31 16:59:32,Delivered,Credit Card,369 Hayes Knoll,Lopezview,ID,26645,US,2024-08-01 16:59:32,2024-08-02 16:59:32,2024-08-04 16:59:32,682.72
335,193,2024-11-19 16:59:32,Delivered,Apple Pay,08523 Michael Village,East Keith,ND,33361,US,2024-11-19 16:59:32,2024-11-25 16:59:32,2024-12-03 16:59:32,1417.23
336,193,2022-04-29 16:59:32,Delivered,Credit Card,08523 Michael Village,East Keith,ND,33361,US,2022-04-30 16:59:32,2022-05-03 16:59:32,2022-05-09 16:59:32,350.18
337,194,2024-12-03 16:59:32,Delivered,PayPal,7604 Christine Street,Lake Victoria,TN,87097,US,2024-12-04 16:59:32,2024-12-11 16:59:32,2024-12-19 16:59:32,383.4
338,194,2024-08-16 16:59:32,Delivered,Credit Card,7604 Christine Street,Lake Victoria,TN,87097,US,2024-08-18 16:59:32,2024-08-25 16:59:32,2024-09-03 16:59:32,500.59
339,194,2024-10-01 16:59:32,Delivered,Apple Pay,7604 Christine Street,Lake Victoria,TN,87097,US,2024-10-02 16:59:32,2024-10-04 16:59:32,2024-10-08 16:59:32,2440.95
340,194,2023-08-03 16:59:32,Delivered,Google Pay,7604 Christine Street,Lake Victoria,TN,87097,US,2023-08-04 16:59:32,2023-08-05 16:59:32,2023-08-08 16:59:32,109.68
341,194,2025-02-03 16:59:32,Delivered,Google Pay,7604 Christine Street,Lake Victoria,TN,87097,US,2025-02-05 16:59:32,2025-02-06 16:59:32,2025-02-10 16:59:32,434.44
383,208,2024-11-20 16:59:32,Delivered,PayPal,7044 Kristi Burgs,Sanchezport,MP,49811,US,2024-11-22 16:59:32,2024-11-24 16:59:32,2024-11-28 16:59:32,215.7
402,221,2024-11-06 16:59:32,Delivered,Credit Card,89452 Caitlyn Row,Ashleyton,DC,31247,US,2024-11-06 16:59:32,2024-11-09 16:59:32,2024-11-13 16:59:32,370.22
428,241,2021-10-05 16:59:32,Delivered,Apple Pay,29691 Hernandez Spurs Apt. 072,South Raymond,NY,31824,US,2021-10-05 16:59:32,2021-10-10 16:59:32,2021-10-18 16:59:32,573.86
429,241,2025-01-09 16:59:32,Delivered,Apple Pay,29691 Hernandez Spurs Apt. 072,South Raymond,NY,31824,US,2025-01-11 16:59:32,2025-01-15 16:59:32,2025-01-20 16:59:32,608.09
430,241,2021-10-07 16:59:32,Delivered,Credit Card,29691 Hernandez Spurs Apt. 072,South Raymond,NY,31824,US,2021-10-07 16:59:32,2021-10-08 16:59:32,2021-10-10 16:59:32,730.68
431,241,2024-11-23 16:59:32,Delivered,Google Pay,29691 Hernandez Spurs Apt. 072,South Raymond,NY,31824,US,2024-11-25 16:59:32,2024-11-27 16:59:32,2024-11-30 16:59:32,1540.1
432,241,2025-01-26 16:59:32,Delivered,PayPal,29691 Hernandez Spurs Apt. 072,South Raymond,NY,31824,US,2025-01-27 16:59:32,2025-01-28 16:59:32,2025-01-30 16:59:32,299.8
433,241,2022-11-08 16:59:32,Delivered,Credit Card,29691 Hernandez Spurs Apt. 072,South Raymond,NY,31824,US,2022-11-10 16:59:32,2022-11-15 16:59:32,2022-11-21 16:59:32,903.19
434,241,2023-09-08 16:59:32,Delivered,Credit Card,29691 Hernandez Spurs Apt. 072,South Raymond,NY,31824,US,2023-09-09 16:59:32,2023-09-15 16:59:32,2023-09-22 16:59:32,280.59
435,241,2021-05-08 16:59:32,Delivered,Google Pay,29691 Hernandez Spurs Apt. 072,South Raymond,NY,31824,US,2021-05-09 16:59:32,2021-05-16 16:59:32,2021-05-24 16:59:32,909.54
436,241,2024-02-28 16:59:32,Delivered,Apple Pay,29691 Hernandez Spurs Apt. 072,South Raymond,NY,31824,US,2024-03-01 16:59:32,2024-03-02 16:59:32,2024-03-04 16:59:32,1783.32
437,241,2024-06-15 16:59:32,Delivered,Credit Card,29691 Hernandez Spurs Apt. 072,South Raymond,NY,31824,US,2024-06-17 16:59:32,2024-06-24 16:59:32,2024-07-03 16:59:32,198.36
438,241,2023-07-22 16:59:32,Delivered,Gift Card,29691 Hernandez Spurs Apt. 072,South Raymond,NY,31824,US,2023-07-22 16:59:32,2023-07-23 16:59:32,2023-07-26 16:59:32,509.76
439,241,2023-10-05 16:59:32,Delivered,Google Pay,29691 Hernandez Spurs Apt. 072,South Raymond,NY,31824,US,2023-10-05 16:59:32,2023-10-09 16:59:32,2023-10-14 16:59:32,238.87
440,241,2024-03-26 16:59:32,Delivered,PayPal,29691 Hernandez Spurs Apt. 072,South Raymond,NY,31824,US,2024-03-27 16:59:32,2024-04-03 16:59:32,2024-04-13 16:59:32,1182.97
447,246,2024-01-23 16:59:32,Delivered,Apple Pay,6666 Watts Forges Suite 094,New Ricky,GA,89928,US,2024-01-24 16:59:32,2024-01-27 16:59:32,2024-01-31 16:59:32,417.96
456,252,2024-12-15 16:59:32,Delivered,Credit Card,59324 Amy Dam,Jacobmouth,MS,21495,US,2024-12-15 16:59:32,2024-12-17 16:59:32,2024-12-21 16:59:32,384.13
457,252,2025-02-04 16:59:32,Delivered,Credit Card,59324 Amy Dam,Jacobmouth,MS,21495,US,2025-02-06 16:59:32,2025-02-07 16:59:32,2025-02-09 16:59:32,2083.48
458,252,2025-01-07 16:59:32,Delivered,Gift Card,59324 Amy Dam,Jacobmouth,MS,21495,US,2025-01-07 16:59:32,2025-01-10 16:59:32,2025-01-15 16:59:32,698.36
459,252,2025-03-12 16:59:32,Shipped,PayPal,59324 Amy Dam,Jacobmouth,MS,21495,US,2025-03-13 16:59:32,2025-03-16 16:59:32,2025-03-21 16:59:32,362.82
460,252,2024-11-26 16:59:32,Delivered,Google Pay,59324 Amy Dam,Jacobmouth,MS,21495,US,2024-11-28 16:59:32,2024-12-04 16:59:32,2024-12-12 16:59:32,240.49
461,252,2024-12-02 16:59:32,Delivered,Google Pay,59324 Amy Dam,Jacobmouth,MS,21495,US,2024-12-02 16:59:32,2024-12-04 16:59:32,2024-12-08 16:59:32,338.74
462,252,2024-11-26 16:59:32,Delivered,Google Pay,59324 Amy Dam,Jacobmouth,MS,21495,US,2024-11-27 16:59:32,2024-11-30 16:59:32,2024-12-05 16:59:32,580.07
463,252,2024-06-26 16:59:32,Delivered,Gift Card,59324 Amy Dam,Jacobmouth,MS,21495,US,2024-06-28 16:59:32,2024-06-30 16:59:32,2024-07-04 16:59:32,348.44
464,252,2024-07-20 16:59:32,Delivered,Google Pay,59324 Amy Dam,Jacobmouth,MS,21495,US,2024-07-20 16:59:32,2024-07-23 16:59:32,2024-07-28 16:59:32,476.7
496,267,2025-01-04 16:59:32,Delivered,Credit Card,9829 Anthony Island,Woodsfort,TN,79251,US,2025-01-04 16:59:32,2025-01-09 16:59:32,2025-01-15 16:59:32,335.78
538,284,2025-03-13 16:59:32,Processing,Credit Card,18531 Clifford Estates Apt. 779,Port Sheilafurt,NE,50955,US,2025-03-14 16:59:32,2025-03-20 16:59:32,2025-03-29 16:59:32,1084.37
539,284,2025-03-06 16:59:32,In Transit,Apple Pay,18531 Clifford Estates Apt. 779,Port Sheilafurt,NE,50955,US,2025-03-06 16:59:32,2025-03-13 16:59:32,2025-03-22 16:59:32,1233.31
540,284,2025-03-08 16:59:32,In Transit,Google Pay,18531 Clifford Estates Apt. 779,Port Sheilafurt,NE,50955,US,2025-03-09 16:59:32,2025-03-11 16:59:32,2025-03-14 16:59:32,297.22
541,284,2025-03-13 16:59:32,Shipped,Apple Pay,18531 Clifford Estates Apt. 779,Port Sheilafurt,NE,50955,US,2025-03-13 16:59:32,2025-03-14 16:59:32,2025-03-18 16:59:32,585.99
542,285,2024-05-15 16:59:32,Delivered,PayPal,790 Elizabeth Rapid,Vanessatown,MP,29981,US,2024-05-16 16:59:32,2024-05-19 16:59:32,2024-05-24 16:59:32,245.03
561,289,2025-03-06 16:59:32,In Transit,PayPal,360 Nichols Mill Apt. 020,Lake Jennifer,OH,72476,US,2025-03-08 16:59:32,2025-03-10 16:59:32,2025-03-15 16:59:32,455.16
564,291,2025-03-13 16:59:32,Processing,Google Pay,8868 Brian Estates,Jasonville,DC,77806,US,2025-03-15 16:59:32,2025-03-22 16:59:32,2025-04-01 16:59:32,598.77
572,298,2025-01-06 16:59:32,Delivered,Apple Pay,11567 Kristin Plains Suite 157,Mitchellchester,NM,05360,US,2025-01-07 16:59:32,2025-01-13 16:59:32,2025-01-21 16:59:32,133.09
573,299,2024-11-09 16:59:32,Delivered,PayPal,563 Melissa Tunnel Apt. 349,Devonmouth,NV,07526,US,2024-11-09 16:59:32,2024-11-13 16:59:32,2024-11-19 16:59:32,1166.21
577,302,2023-11-02 16:59:32,Delivered,Apple Pay,490 Riggs Prairie Suite 571,Claytonhaven,OR,94059,US,2023-11-02 16:59:32,2023-11-09 16:59:32,2023-11-19 16:59:32,2629.34
586,307,2024-12-07 16:59:32,Delivered,Credit Card,31714 Andrews Island,Jonathanland,GA,74282,US,2024-12-08 16:59:32,2024-12-09 16:59:32,2024-12-12 16:59:32,1267.44
588,309,2022-07-02 16:59:32,Delivered,Apple Pay,6543 Moore Street,Jotown,ID,29961,US,2022-07-02 16:59:32,2022-07-03 16:59:32,2022-07-07 16:59:32,479.68
589,309,2022-11-22 16:59:32,Delivered,Apple Pay,6543 Moore Street,Jotown,ID,29961,US,2022-11-23 16:59:32,2022-11-27 16:59:32,2022-12-02 16:59:32,923.89
590,309,2025-01-03 16:59:32,Delivered,Credit Card,6543 Moore Street,Jotown,ID,29961,US,2025-01-04 16:59:32,2025-01-06 16:59:32,2025-01-11 16:59:32,882.24
591,309,2022-12-31 16:59:32,Delivered,Credit Card,6543 Moore Street,Jotown,ID,29961,US,2022-12-31 16:59:32,2023-01-02 16:59:32,2023-01-07 16:59:32,28.34
592,310,2025-01-04 16:59:32,Delivered,Apple Pay,051 Rhonda Mountain Suite 210,South Jonview,NJ,75525,US,2025-01-04 16:59:32,2025-01-11 16:59:32,2025-01-21 16:59:32,155.2
593,310,2025-02-04 16:59:32,Delivered,PayPal,051 Rhonda Mountain Suite 210,South Jonview,NJ,75525,US,2025-02-06 16:59:32,2025-02-08 16:59:32,2025-02-13 16:59:32,60.42
594,310,2025-02-23 16:59:32,Delivered,Apple Pay,051 Rhonda Mountain Suite 210,South Jonview,NJ,75525,US,2025-02-24 16:59:32,2025-02-28 16:59:32,2025-03-07 16:59:32,1413.66
595,310,2024-11-26 16:59:32,Delivered,Credit Card,051 Rhonda Mountain Suite 210,South Jonview,NJ,75525,US,2024-11-26 16:59:32,2024-11-27 16:59:32,2024-11-30 16:59:32,28.41
596,311,2024-08-15 16:59:32,Delivered,Credit Card,4966 Dougherty Mills Apt. 366,Port Kellyfort,KS,14071,US,2024-08-17 16:59:32,2024-08-24 16:59:32,2024-09-03 16:59:32,107.61
597,312,2025-03-09 16:59:32,Shipped,Credit Card,60269 Webb Mill Suite 266,Staceyton,IL,87852,US,2025-03-11 16:59:32,2025-03-17 16:59:32,2025-03-26 16:59:32,557.9
603,314,2022-08-20 16:59:32,Delivered,Apple Pay,9773 Davis Bypass Apt. 405,Harrisfurt,ND,96091,US,2022-08-21 16:59:32,2022-08-28 16:59:32,2022-09-07 16:59:32,71.04
604,314,2021-02-22 16:59:32,Delivered,Credit Card,9773 Davis Bypass Apt. 405,Harrisfurt,ND,96091,US,2021-02-22 16:59:32,2021-02-24 16:59:32,2021-02-28 16:59:32,103.08
605,314,2023-12-07 16:59:32,Delivered,Gift Card,9773 Davis Bypass Apt. 405,Harrisfurt,ND,96091,US,2023-12-08 16:59:32,2023-12-13 16:59:32,2023-12-19 16:59:32,1610.48
606,314,2024-09-15 16:59:32,Delivered,PayPal,9773 Davis Bypass Apt. 405,Harrisfurt,ND,96091,US,2024-09-17 16:59:32,2024-09-19 16:59:32,2024-09-22 16:59:32,533.51
607,314,2022-09-14 16:59:32,Delivered,PayPal,9773 Davis Bypass Apt. 405,Harrisfurt,ND,96091,US,2022-09-14 16:59:32,2022-09-20 16:59:32,2022-09-29 16:59:32,309.17
608,314,2021-05-25 16:59:32,Delivered,PayPal,9773 Davis Bypass Apt. 405,Harrisfurt,ND,96091,US,2021-05-25 16:59:32,2021-06-01 16:59:32,2021-06-11 16:59:32,361.28
609,314,2022-02-20 16:59:32,Delivered,Google Pay,9773 Davis Bypass Apt. 405,Harrisfurt,ND,96091,US,2022-02-22 16:59:32,2022-02-26 16:59:32,2022-03-04 16:59:32,908.2
610,314,2021-05-30 16:59:32,Delivered,PayPal,9773 Davis Bypass Apt. 405,Harrisfurt,ND,96091,US,2021-06-01 16:59:32,2021-06-07 16:59:32,2021-06-15 16:59:32,1596.23
627,324,2024-11-22 16:59:32,Delivered,Apple Pay,56006 Matthew Key Apt. 517,Nealstad,CA,77182,US,2024-11-24 16:59:32,2024-12-01 16:59:32,2024-12-10 16:59:32,1418.88
628,324,2025-01-16 16:59:32,Delivered,PayPal,56006 Matthew Key Apt. 517,Nealstad,CA,77182,US,2025-01-17 16:59:32,2025-01-18 16:59:32,2025-01-22 16:59:32,810.9
629,324,2025-02-26 16:59:32,Delivered,Google Pay,56006 Matthew Key Apt. 517,Nealstad,CA,77182,US,2025-02-26 16:59:32,2025-02-27 16:59:32,2025-03-03 16:59:32,139.99
630,324,2025-01-16 16:59:32,Delivered,Gift Card,56006 Matthew Key Apt. 517,Nealstad,CA,77182,US,2025-01-16 16:59:32,2025-01-20 16:59:32,2025-01-26 16:59:32,484.76
631,324,2025-01-11 16:59:32,Delivered,Apple Pay,56006 Matthew Key Apt. 517,Nealstad,CA,77182,US,2025-01-11 16:59:32,2025-01-12 16:59:32,2025-01-16 16:59:32,238.19
632,324,2024-12-10 16:59:32,Delivered,Google Pay,56006 Matthew Key Apt. 517,Nealstad,CA,77182,US,2024-12-10 16:59:32,2024-12-16 16:59:32,2024-12-25 16:59:32,1574.8
633,324,2025-02-25 16:59:32,Delivered,Apple Pay,56006 Matthew Key Apt. 517,Nealstad,CA,77182,US,2025-02-26 16:59:32,2025-03-01 16:59:32,2025-03-07 16:59:32,869.76
634,324,2025-02-07 16:59:32,Delivered,Apple Pay,56006 Matthew Key Apt. 517,Nealstad,CA,77182,US,2025-02-09 16:59:32,2025-02-15 16:59:32,2025-02-24 16:59:32,996.62
635,324,2025-02-08 16:59:32,Delivered,PayPal,56006 Matthew Key Apt. 517,Nealstad,CA,77182,US,2025-02-10 16:59:32,2025-02-17 16:59:32,2025-02-25 16:59:32,192.01
636,324,2024-10-30 16:59:32,Delivered,Google Pay,56006 Matthew Key Apt. 517,Nealstad,CA,77182,US,2024-10-31 16:59:32,2024-11-05 16:59:32,2024-11-13 16:59:32,772.65
637,324,2025-01-28 16:59:32,Delivered,Credit Card,56006 Matthew Key Apt. 517,Nealstad,CA,77182,US,2025-01-28 16:59:32,2025-01-31 16:59:32,2025-02-06 16:59:32,51.29
638,324,2024-12-08 16:59:32,Delivered,Apple Pay,56006 Matthew Key Apt. 517,Nealstad,CA,77182,US,2024-12-08 16:59:32,2024-12-13 16:59:32,2024-12-19 16:59:32,1494.36
639,324,2024-12-09 16:59:32,Delivered,Gift Card,56006 Matthew Key Apt. 517,Nealstad,CA,77182,US,2024-12-10 16:59:32,2024-12-13 16:59:32,2024-12-17 16:59:32,908.97
640,324,2025-02-20 16:59:32,Delivered,Apple Pay,56006 Matthew Key Apt. 517,Nealstad,CA,77182,US,2025-02-22 16:59:32,2025-02-24 16:59:32,2025-03-01 16:59:32,742.25
641,324,2025-01-08 16:59:32,Delivered,Apple Pay,56006 Matthew Key Apt. 517,Nealstad,CA,77182,US,2025-01-08 16:59:32,2025-01-13 16:59:32,2025-01-19 16:59:32,1511.11
642,324,2024-11-12 16:59:32,Delivered,Apple Pay,56006 Matthew Key Apt. 517,Nealstad,CA,77182,US,2024-11-14 16:59:32,2024-11-19 16:59:32,2024-11-25 16:59:32,476.61
643,324,2025-01-23 16:59:32,Delivered,Credit Card,56006 Matthew Key Apt. 517,Nealstad,CA,77182,US,2025-01-24 16:59:32,2025-01-25 16:59:32,2025-01-28 16:59:32,1377.27
644,324,2024-11-02 16:59:32,Delivered,PayPal,56006 Matthew Key Apt. 517,Nealstad,CA,77182,US,2024-11-02 16:59:32,2024-11-05 16:59:32,2024-11-10 16:59:32,55.63
645,324,2025-02-26 16:59:32,Delivered,Credit Card,56006 Matthew Key Apt. 517,Nealstad,CA,77182,US,2025-02-27 16:59:32,2025-02-28 16:59:32,2025-03-03 16:59:32,242.54
646,324,2025-03-10 16:59:32,Shipped,Credit Card,56006 Matthew Key Apt. 517,Nealstad,CA,77182,US,2025-03-11 16:59:32,2025-03-18 16:59:32,2025-03-28 16:59:32,2229.05
647,324,2024-11-12 16:59:32,Delivered,Credit Card,56006 Matthew Key Apt. 517,Nealstad,CA,77182,US,2024-11-14 16:59:32,2024-11-15 16:59:32,2024-11-19 16:59:32,34.0
648,324,2024-11-21 16:59:32,Delivered,Gift Card,56006 Matthew Key Apt. 517,Nealstad,CA,77182,US,2024-11-23 16:59:32,2024-11-30 16:59:32,2024-12-09 16:59:32,633.26
649,324,2024-10-23 16:59:32,Delivered,PayPal,56006 Matthew Key Apt. 517,Nealstad,CA,77182,US,2024-10-25 16:59:32,2024-10-28 16:59:32,2024-11-01 16:59:32,63.24
650,324,2024-12-21 16:59:32,Delivered,Apple Pay,56006 Matthew Key Apt. 517,Nealstad,CA,77182,US,2024-12-21 16:59:32,2024-12-27 16:59:32,2025-01-03 16:59:32,345.16
651,324,2024-11-03 16:59:32,Delivered,Apple Pay,56006 Matthew Key Apt. 517,Nealstad,CA,77182,US,2024-11-03 16:59:32,2024-11-07 16:59:32,2024-11-12 16:59:32,1937.19
652,324,2024-11-24 16:59:32,Delivered,Google Pay,56006 Matthew Key Apt. 517,Nealstad,CA,77182,US,2024-11-24 16:59:32,2024-11-28 16:59:32,2024-12-04 16:59:32,298.21
653,324,2024-11-21 16:59:32,Delivered,Google Pay,56006 Matthew Key Apt. 517,Nealstad,CA,77182,US,2024-11-21 16:59:32,2024-11-27 16:59:32,2024-12-06 16:59:32,33.11
654,324,2025-01-09 16:59:32,Delivered,PayPal,56006 Matthew Key Apt. 517,Nealstad,CA,77182,US,2025-01-11 16:59:32,2025-01-12 16:59:32,2025-01-14 16:59:32,681.16
655,324,2025-02-05 16:59:32,Delivered,Google Pay,56006 Matthew Key Apt. 517,Nealstad,CA,77182,US,2025-02-05 16:59:32,2025-02-06 16:59:32,2025-02-10 16:59:32,1359.8
656,324,2024-11-04 16:59:32,Delivered,PayPal,56006 Matthew Key Apt. 517,Nealstad,CA,77182,US,2024-11-04 16:59:32,2024-11-05 16:59:32,2024-11-08 16:59:32,774.58
657,324,2025-01-29 16:59:32,Delivered,Google Pay,56006 Matthew Key Apt. 517,Nealstad,CA,77182,US,2025-01-30 16:59:32,2025-02-05 16:59:32,2025-02-12 16:59:32,1198.14
658,324,2025-01-13 16:59:32,Delivered,PayPal,56006 Matthew Key Apt. 517,Nealstad,CA,77182,US,2025-01-13 16:59:32,2025-01-16 16:59:32,2025-01-21 16:59:32,1348.77
659,324,2025-01-27 16:59:32,Delivered,PayPal,56006 Matthew Key Apt. 517,Nealstad,CA,77182,US,2025-01-28 16:59:32,2025-02-02 16:59:32,2025-02-08 16:59:32,232.99
660,324,2025-01-09 16:59:32,Delivered,Gift Card,56006 Matthew Key Apt. 517,Nealstad,CA,77182,US,2025-01-10 16:59:32,2025-01-11 16:59:32,2025-01-13 16:59:32,694.17
661,324,2025-01-24 16:59:32,Delivered,Apple Pay,56006 Matthew Key Apt. 517,Nealstad,CA,77182,US,2025-01-26 16:59:32,2025-02-01 16:59:32,2025-02-08 16:59:32,515.85
662,324,2025-03-12 16:59:32,Shipped,Google Pay,56006 Matthew Key Apt. 517,Nealstad,CA,77182,US,2025-03-12 16:59:32,2025-03-17 16:59:32,2025-03-23 16:59:32,400.53
663,324,2024-11-14 16:59:32,Delivered,PayPal,56006 Matthew Key Apt. 517,Nealstad,CA,77182,US,2024-11-15 16:59:32,2024-11-19 16:59:32,2024-11-26 16:59:32,1404.0
664,324,2025-01-28 16:59:32,Delivered,Apple Pay,56006 Matthew Key Apt. 517,Nealstad,CA,77182,US,2025-01-29 16:59:32,2025-01-31 16:59:32,2025-02-03 16:59:32,658.06
665,324,2025-01-05 16:59:32,Delivered,Google Pay,56006 Matthew Key Apt. 517,Nealstad,CA,77182,US,2025-01-05 16:59:32,2025-01-06 16:59:32,2025-01-09 16:59:32,510.03
666,324,2025-03-05 16:59:32,In Transit,Google Pay,56006 Matthew Key Apt. 517,Nealstad,CA,77182,US,2025-03-06 16:59:32,2025-03-10 16:59:32,2025-03-17 16:59:32,320.8
667,324,2025-03-13 16:59:32,Shipped,PayPal,56006 Matthew Key Apt. 517,Nealstad,CA,77182,US,2025-03-13 16:59:32,2025-03-19 16:59:32,2025-03-28 16:59:32,91.52
668,324,2025-02-22 16:59:32,Delivered,Apple Pay,56006 Matthew Key Apt. 517,Nealstad,CA,77182,US,2025-02-24 16:59:32,2025-03-03 16:59:32,2025-03-13 16:59:32,1138.44
669,324,2024-12-17 16:59:32,Delivered,Google Pay,56006 Matthew Key Apt. 517,Nealstad,CA,77182,US,2024-12-19 16:59:32,2024-12-21 16:59:32,2024-12-26 16:59:32,960.27
670,324,2025-03-08 16:59:32,Shipped,PayPal,56006 Matthew Key Apt. 517,Nealstad,CA,77182,US,2025-03-08 16:59:32,2025-03-15 16:59:32,2025-03-25 16:59:32,1921.04
671,324,2024-11-09 16:59:32,Delivered,Apple Pay,56006 Matthew Key Apt. 517,Nealstad,CA,77182,US,2024-11-09 16:59:32,2024-11-12 16:59:32,2024-11-16 16:59:32,2707.08
672,324,2025-02-26 16:59:32,Delivered,Credit Card,56006 Matthew Key Apt. 517,Nealstad,CA,77182,US,2025-02-26 16:59:32,2025-02-28 16:59:32,2025-03-04 16:59:32,1713.22
673,324,2025-02-27 16:59:32,Delivered,Google Pay,56006 Matthew Key Apt. 517,Nealstad,CA,77182,US,2025-02-27 16:59:32,2025-03-05 16:59:32,2025-03-12 16:59:32,316.16
674,324,2025-03-01 16:59:32,In Transit,Gift Card,56006 Matthew Key Apt. 517,Nealstad,CA,77182,US,2025-03-01 16:59:32,2025-03-08 16:59:32,2025-03-16 16:59:32,877.95
675,324,2025-03-13 16:59:32,Processing,Credit Card,56006 Matthew Key Apt. 517,Nealstad,CA,77182,US,2025-03-15 16:59:32,2025-03-18 16:59:32,2025-03-23 16:59:32,1084.81
676,324,2024-12-05 16:59:32,Delivered,Google Pay,56006 Matthew Key Apt. 517,Nealstad,CA,77182,US,2024-12-05 16:59:32,2024-12-08 16:59:32,2024-12-14 16:59:32,327.5
678,326,2023-11-05 16:59:32,Delivered,Apple Pay,74812 Robertson Oval Apt. 008,West Zacharyshire,PA,02063,US,2023-11-06 16:59:32,2023-11-09 16:59:32,2023-11-13 16:59:32,566.29
699,337,2022-11-17 16:59:32,Delivered,Google Pay,01428 Contreras Ranch,South Ianland,MD,64522,US,2022-11-17 16:59:32,2022-11-21 16:59:32,2022-11-28 16:59:32,779.28
700,338,2024-08-07 16:59:32,Delivered,PayPal,27496 Bailey Shoals Apt. 948,Port Bradley,MI,15569,US,2024-08-07 16:59:32,2024-08-14 16:59:32,2024-08-23 16:59:32,96.63
709,342,2024-07-30 16:59:33,Delivered,Credit Card,6300 Harris Drive Apt. 051,Greenmouth,NY,61098,US,2024-08-01 16:59:33,2024-08-06 16:59:33,2024-08-12 16:59:33,277.96
710,342,2025-02-23 16:59:33,Delivered,Google Pay,6300 Harris Drive Apt. 051,Greenmouth,NY,61098,US,2025-02-24 16:59:33,2025-02-27 16:59:33,2025-03-04 16:59:33,64.53
711,342,2024-09-18 16:59:33,Delivered,Credit Card,6300 Harris Drive Apt. 051,Greenmouth,NY,61098,US,2024-09-19 16:59:33,2024-09-24 16:59:33,2024-09-30 16:59:33,474.98
712,342,2025-01-04 16:59:33,Delivered,Apple Pay,6300 Harris Drive Apt. 051,Greenmouth,NY,61098,US,2025-01-06 16:59:33,2025-01-07 16:59:33,2025-01-11 16:59:33,459.63
713,342,2024-03-04 16:59:33,Delivered,PayPal,6300 Harris Drive Apt. 051,Greenmouth,NY,61098,US,2024-03-05 16:59:33,2024-03-10 16:59:33,2024-03-17 16:59:33,420.71
714,342,2024-06-09 16:59:33,Delivered,Credit Card,6300 Harris Drive Apt. 051,Greenmouth,NY,61098,US,2024-06-10 16:59:33,2024-06-12 16:59:33,2024-06-15 16:59:33,101.87
715,342,2024-02-14 16:59:33,Delivered,Apple Pay,6300 Harris Drive Apt. 051,Greenmouth,NY,61098,US,2024-02-16 16:59:33,2024-02-22 16:59:33,2024-03-02 16:59:33,649.38
726,347,2024-08-31 16:59:33,Delivered,Apple Pay,465 Sharon Fort Suite 774,Dicksonborough,NJ,76150,US,2024-09-02 16:59:33,2024-09-07 16:59:33,2024-09-14 16:59:33,3142.33
733,352,2022-09-27 16:59:33,Delivered,Apple Pay,597 Cantu View,New Randyburgh,NY,24867,US,2022-09-29 16:59:33,2022-10-04 16:59:33,2022-10-12 16:59:33,1621.72
734,352,2023-05-22 16:59:33,Delivered,Apple Pay,597 Cantu View,New Randyburgh,NY,24867,US,2023-05-23 16:59:33,2023-05-24 16:59:33,2023-05-27 16:59:33,320.86
735,352,2024-05-01 16:59:33,Delivered,Credit Card,597 Cantu View,New Randyburgh,NY,24867,US,2024-05-01 16:59:33,2024-05-06 16:59:33,2024-05-13 16:59:33,677.18
736,352,2024-10-21 16:59:33,Delivered,PayPal,597 Cantu View,New Randyburgh,NY,24867,US,2024-10-23 16:59:33,2024-10-28 16:59:33,2024-11-04 16:59:33,1095.15
737,352,2022-08-25 16:59:33,Delivered,PayPal,597 Cantu View,New Randyburgh,NY,24867,US,2022-08-25 16:59:33,2022-08-28 16:59:33,2022-09-01 16:59:33,239.05
738,352,2023-11-22 16:59:33,Delivered,PayPal,597 Cantu View,New Randyburgh,NY,24867,US,2023-11-24 16:59:33,2023-11-25 16:59:33,2023-11-27 16:59:33,1259.44
739,352,2024-10-06 16:59:33,Delivered,Google Pay,597 Cantu View,New Randyburgh,NY,24867,US,2024-10-07 16:59:33,2024-10-10 16:59:33,2024-10-16 16:59:33,159.15
740,352,2024-11-04 16:59:33,Delivered,Apple Pay,597 Cantu View,New Randyburgh,NY,24867,US,2024-11-05 16:59:33,2024-11-09 16:59:33,2024-11-14 16:59:33,415.55
741,352,2024-12-01 16:59:33,Delivered,Google Pay,597 Cantu View,New Randyburgh,NY,24867,US,2024-12-03 16:59:33,2024-12-06 16:59:33,2024-12-11 16:59:33,973.36
742,352,2022-08-23 16:59:33,Delivered,Gift Card,597 Cantu View,New Randyburgh,NY,24867,US,2022-08-25 16:59:33,2022-08-30 16:59:33,2022-09-06 16:59:33,905.64
743,352,2024-10-02 16:59:33,Delivered,PayPal,597 Cantu View,New Randyburgh,NY,24867,US,2024-10-02 16:59:33,2024-10-07 16:59:33,2024-10-13 16:59:33,282.1
744,352,2023-09-25 16:59:33,Delivered,Credit Card,597 Cantu View,New Randyburgh,NY,24867,US,2023-09-25 16:59:33,2023-09-30 16:59:33,2023-10-06 16:59:33,262.44
745,352,2024-01-09 16:59:33,Delivered,Google Pay,597 Cantu View,New Randyburgh,NY,24867,US,2024-01-09 16:59:33,2024-01-11 16:59:33,2024-01-16 16:59:33,440.41
746,352,2023-07-09 16:59:33,Delivered,PayPal,597 Cantu View,New Randyburgh,NY,24867,US,2023-07-11 16:59:33,2023-07-18 16:59:33,2023-07-26 16:59:33,2180.49
747,352,2022-02-28 16:59:33,Delivered,Apple Pay,597 Cantu View,New Randyburgh,NY,24867,US,2022-03-02 16:59:33,2022-03-09 16:59:33,2022-03-18 16:59:33,1066.03
748,352,2022-03-17 16:59:33,Delivered,PayPal,597 Cantu View,New Randyburgh,NY,24867,US,2022-03-19 16:59:33,2022-03-23 16:59:33,2022-03-30 16:59:33,330.03
749,352,2024-01-09 16:59:33,Delivered,Gift Card,597 Cantu View,New Randyburgh,NY,24867,US,2024-01-09 16:59:33,2024-01-13 16:59:33,2024-01-18 16:59:33,675.36
750,352,2025-03-10 16:59:33,Shipped,Google Pay,597 Cantu View,New Randyburgh,NY,24867,US,2025-03-11 16:59:33,2025-03-15 16:59:33,2025-03-21 16:59:33,61.6
751,352,2024-02-12 16:59:33,Delivered,Gift Card,597 Cantu View,New Randyburgh,NY,24867,US,2024-02-13 16:59:33,2024-02-20 16:59:33,2024-03-01 16:59:33,672.12
752,352,2023-05-29 16:59:33,Delivered,Gift Card,597 Cantu View,New Randyburgh,NY,24867,US,2023-05-30 16:59:33,2023-06-04 16:59:33,2023-06-12 16:59:33,109.97
753,352,2023-08-10 16:59:33,Delivered,Apple Pay,597 Cantu View,New Randyburgh,NY,24867,US,2023-08-10 16:59:33,2023-08-15 16:59:33,2023-08-21 16:59:33,1188.6
754,352,2023-03-19 16:59:33,Delivered,Apple Pay,597 Cantu View,New Randyburgh,NY,24867,US,2023-03-19 16:59:33,2023-03-20 16:59:33,2023-03-24 16:59:33,771.61
755,352,2024-12-11 16:59:33,Delivered,Gift Card,597 Cantu View,New Randyburgh,NY,24867,US,2024-12-12 16:59:33,2024-12-18 16:59:33,2024-12-26 16:59:33,9.36
756,352,2023-03-27 16:59:33,Delivered,Google Pay,597 Cantu View,New Randyburgh,NY,24867,US,2023-03-28 16:59:33,2023-04-04 16:59:33,2023-04-14 16:59:33,946.16
757,352,2024-11-16 16:59:33,Delivered,Gift Card,597 Cantu View,New Randyburgh,NY,24867,US,2024-11-18 16:59:33,2024-11-23 16:59:33,2024-11-30 16:59:33,443.49
758,352,2022-10-08 16:59:33,Delivered,Credit Card,597 Cantu View,New Randyburgh,NY,24867,US,2022-10-08 16:59:33,2022-10-10 16:59:33,2022-10-13 16:59:33,468.35
759,352,2024-06-01 16:59:33,Delivered,Apple Pay,597 Cantu View,New Randyburgh,NY,24867,US,2024-06-01 16:59:33,2024-06-06 16:59:33,2024-06-14 16:59:33,1080.93
760,352,2022-12-14 16:59:33,Delivered,Credit Card,597 Cantu View,New Randyburgh,NY,24867,US,2022-12-16 16:59:33,2022-12-21 16:59:33,2022-12-27 16:59:33,571.0
761,352,2025-02-24 16:59:33,Delivered,Gift Card,597 Cantu View,New Randyburgh,NY,24867,US,2025-02-24 16:59:33,2025-03-01 16:59:33,2025-03-09 16:59:33,1271.75
762,352,2024-03-07 16:59:33,Delivered,Gift Card,597 Cantu View,New Randyburgh,NY,24867,US,2024-03-07 16:59:33,2024-03-08 16:59:33,2024-03-12 16:59:33,1223.97
763,352,2022-12-22 16:59:33,Delivered,Google Pay,597 Cantu View,New Randyburgh,NY,24867,US,2022-12-23 16:59:33,2022-12-29 16:59:33,2023-01-06 16:59:33,317.14
764,352,2024-10-04 16:59:33,Delivered,PayPal,597 Cantu View,New Randyburgh,NY,24867,US,2024-10-06 16:59:33,2024-10-13 16:59:33,2024-10-22 16:59:33,1794.23
765,352,2022-07-23 16:59:33,Delivered,PayPal,597 Cantu View,New Randyburgh,NY,24867,US,2022-07-25 16:59:33,2022-07-31 16:59:33,2022-08-08 16:59:33,807.87
766,352,2023-04-21 16:59:33,Delivered,Google Pay,597 Cantu View,New Randyburgh,NY,24867,US,2023-04-23 16:59:33,2023-04-29 16:59:33,2023-05-06 16:59:33,107.09
767,352,2023-06-27 16:59:33,Delivered,PayPal,597 Cantu View,New Randyburgh,NY,24867,US,2023-06-28 16:59:33,2023-07-01 16:59:33,2023-07-06 16:59:33,76.05
768,352,2024-05-15 16:59:33,Delivered,Gift Card,597 Cantu View,New Randyburgh,NY,24867,US,2024-05-17 16:59:33,2024-05-23 16:59:33,2024-06-01 16:59:33,687.43
792,363,2024-12-22 16:59:33,Delivered,Apple Pay,9876 Kayla Estates Suite 794,Ramirezton,OH,08355,US,2024-12-23 16:59:33,2024-12-27 16:59:33,2025-01-01 16:59:33,94.31
795,366,2025-02-19 16:59:33,Delivered,Credit Card,2527 Smith Locks Apt. 848,Lake Alexander,GA,62211,US,2025-02-19 16:59:33,2025-02-23 16:59:33,2025-03-01 16:59:33,50.59
796,366,2025-01-14 16:59:33,Delivered,Google Pay,2527 Smith Locks Apt. 848,Lake Alexander,GA,62211,US,2025-01-15 16:59:33,2025-01-17 16:59:33,2025-01-20 16:59:33,697.13
797,366,2024-12-28 16:59:33,Delivered,Google Pay,2527 Smith Locks Apt. 848,Lake Alexander,GA,62211,US,2024-12-29 16:59:33,2025-01-04 16:59:33,2025-01-11 16:59:33,197.69
798,366,2025-01-12 16:59:33,Delivered,PayPal,2527 Smith Locks Apt. 848,Lake Alexander,GA,62211,US,2025-01-13 16:59:33,2025-01-15 16:59:33,2025-01-20 16:59:33,186.49
799,366,2024-09-09 16:59:33,Delivered,Credit Card,2527 Smith Locks Apt. 848,Lake Alexander,GA,62211,US,2024-09-10 16:59:33,2024-09-12 16:59:33,2024-09-15 16:59:33,286.13
800,366,2025-03-04 16:59:33,In Transit,Gift Card,2527 Smith Locks Apt. 848,Lake Alexander,GA,62211,US,2025-03-05 16:59:33,2025-03-09 16:59:33,2025-03-14 16:59:33,823.37
801,366,2025-01-11 16:59:33,Delivered,Google Pay,2527 Smith Locks Apt. 848,Lake Alexander,GA,62211,US,2025-01-11 16:59:33,2025-01-12 16:59:33,2025-01-15 16:59:33,177.8
802,366,2024-08-14 16:59:33,Delivered,Apple Pay,2527 Smith Locks Apt. 848,Lake Alexander,GA,62211,US,2024-08-15 16:59:33,2024-08-19 16:59:33,2024-08-24 16:59:33,1188.29
803,366,2025-03-08 16:59:33,In Transit,Credit Card,2527 Smith Locks Apt. 848,Lake Alexander,GA,62211,US,2025-03-08 16:59:33,2025-03-11 16:59:33,2025-03-16 16:59:33,433.72
804,366,2024-07-07 16:59:33,Delivered,PayPal,2527 Smith Locks Apt. 848,Lake Alexander,GA,62211,US,2024-07-09 16:59:33,2024-07-13 16:59:33,2024-07-19 16:59:33,1235.0
805,366,2024-06-20 16:59:33,Delivered,PayPal,2527 Smith Locks Apt. 848,Lake Alexander,GA,62211,US,2024-06-21 16:59:33,2024-06-28 16:59:33,2024-07-08 16:59:33,294.04
806,366,2025-03-05 16:59:33,In Transit,Gift Card,2527 Smith Locks Apt. 848,Lake Alexander,GA,62211,US,2025-03-06 16:59:33,2025-03-11 16:59:33,2025-03-18 16:59:33,2312.97
807,366,2025-01-26 16:59:33,Delivered,PayPal,2527 Smith Locks Apt. 848,Lake Alexander,GA,62211,US,2025-01-27 16:59:33,2025-02-01 16:59:33,2025-02-09 16:59:33,649.02
808,366,2025-01-06 16:59:33,Delivered,Credit Card,2527 Smith Locks Apt. 848,Lake Alexander,GA,62211,US,2025-01-06 16:59:33,2025-01-10 16:59:33,2025-01-15 16:59:33,2728.3
809,366,2024-09-05 16:59:33,Delivered,Gift Card,2527 Smith Locks Apt. 848,Lake Alexander,GA,62211,US,2024-09-06 16:59:33,2024-09-11 16:59:33,2024-09-17 16:59:33,603.5
810,366,2024-11-04 16:59:33,Delivered,Google Pay,2527 Smith Locks Apt. 848,Lake Alexander,GA,62211,US,2024-11-04 16:59:33,2024-11-05 16:59:33,2024-11-09 16:59:33,277.21
811,366,2024-10-19 16:59:33,Delivered,PayPal,2527 Smith Locks Apt. 848,Lake Alexander,GA,62211,US,2024-10-21 16:59:33,2024-10-27 16:59:33,2024-11-04 16:59:33,581.72
812,366,2024-09-12 16:59:33,Delivered,Gift Card,2527 Smith Locks Apt. 848,Lake Alexander,GA,62211,US,2024-09-13 16:59:33,2024-09-18 16:59:33,2024-09-26 16:59:33,843.27
813,366,2025-03-01 16:59:33,Delivered,Google Pay,2527 Smith Locks Apt. 848,Lake Alexander,GA,62211,US,2025-03-02 16:59:33,2025-03-04 16:59:33,2025-03-07 16:59:33,727.86
814,366,2024-08-16 16:59:33,Delivered,Gift Card,2527 Smith Locks Apt. 848,Lake Alexander,GA,62211,US,2024-08-16 16:59:33,2024-08-20 16:59:33,2024-08-27 16:59:33,38.83
815,366,2024-09-29 16:59:33,Delivered,Credit Card,2527 Smith Locks Apt. 848,Lake Alexander,GA,62211,US,2024-09-29 16:59:33,2024-10-04 16:59:33,2024-10-11 16:59:33,1239.03
818,370,2025-03-09 16:59:33,Shipped,Google Pay,46026 Lisa Inlet Suite 892,West Daniel,WY,72624,US,2025-03-10 16:59:33,2025-03-16 16:59:33,2025-03-24 16:59:33,307.64
834,386,2024-09-27 16:59:33,Delivered,Credit Card,31256 Jimenez Key,Port Hannahborough,NC,45594,US,2024-09-28 16:59:33,2024-10-01 16:59:33,2024-10-06 16:59:33,281.88
897,409,2025-02-11 16:59:33,Delivered,Credit Card,7992 Atkins Shoal,Emmahaven,IA,91068,US,2025-02-12 16:59:33,2025-02-19 16:59:33,2025-02-28 16:59:33,319.89
908,418,2025-01-17 16:59:33,Delivered,PayPal,800 Gaines Plaza,Haroldport,MN,48026,US,2025-01-17 16:59:33,2025-01-19 16:59:33,2025-01-23 16:59:33,1018.84
923,424,2024-12-14 16:59:33,Delivered,Gift Card,62828 Bowers Mills Apt. 553,North Mitchell,DC,70787,US,2024-12-15 16:59:33,2024-12-18 16:59:33,2024-12-23 16:59:33,644.35
942,429,2024-11-09 16:59:33,Delivered,Google Pay,3738 Megan Trail,East James,PR,06158,US,2024-11-11 16:59:33,2024-11-12 16:59:33,2024-11-14 16:59:33,2705.52
943,429,2025-01-30 16:59:33,Delivered,Google Pay,3738 Megan Trail,East James,PR,06158,US,2025-01-30 16:59:33,2025-02-02 16:59:33,2025-02-07 16:59:33,358.27
952,436,2023-07-04 16:59:33,Delivered,Apple Pay,1035 Watson Grove Apt. 843,Pearsonland,VT,40531,US,2023-07-04 16:59:33,2023-07-11 16:59:33,2023-07-19 16:59:33,219.83
953,436,2024-11-28 16:59:33,Delivered,Credit Card,1035 Watson Grove Apt. 843,Pearsonland,VT,40531,US,2024-11-30 16:59:33,2024-12-04 16:59:33,2024-12-09 16:59:33,385.66
954,437,2025-03-13 16:59:33,Processing,PayPal,100 Russell Knolls,Kyleport,VA,33087,US,2025-03-15 16:59:33,2025-03-18 16:59:33,2025-03-24 16:59:33,1352.37
958,439,2023-09-11 16:59:33,Delivered,Credit Card,652 Nunez Knolls Apt. 534,Onealview,CO,11208,US,2023-09-13 16:59:33,2023-09-17 16:59:33,2023-09-24 16:59:33,896.55
963,442,2023-06-20 16:59:33,Delivered,Credit Card,12826 Hunter Rapids Suite 024,North Matthewstad,NJ,74393,US,2023-06-21 16:59:33,2023-06-23 16:59:33,2023-06-27 16:59:33,1725.78
972,445,2022-02-23 16:59:33,Delivered,PayPal,399 Houston Fields,Knightville,AS,68550,US,2022-02-25 16:59:33,2022-02-28 16:59:33,2022-03-05 16:59:33,266.94
975,448,2023-05-10 16:59:33,Delivered,Credit Card,26897 Lee Club Suite 243,Andersontown,NV,43121,US,2023-05-10 16:59:33,2023-05-16 16:59:33,2023-05-23 16:59:33,264.0
981,454,2022-10-08 16:59:33,Delivered,Google Pay,74823 Monique Camp Suite 154,Olsenshire,MI,02592,US,2022-10-08 16:59:33,2022-10-09 16:59:33,2022-10-13 16:59:33,591.5
984,456,2024-12-02 16:59:33,Delivered,Apple Pay,9405 Mark Rapids Apt. 942,Castroland,VI,92686,US,2024-12-03 16:59:33,2024-12-04 16:59:33,2024-12-06 16:59:33,1975.24
